{
  "loss": -0.0009647440165281296,
  "policy_loss": -0.0009647440165281296,
  "kl_loss": 0,
  "eval_score": 0.4,
  "task_quality": 0.75,
  "train_time": 462.8685164451599,
  "num_train_tasks": 8,
  "num_eval_tasks": 2
}