{
  "variant": {
    "id": "single_gemma3_r128",
    "rank": 128,
    "learning_rate": 0.0002
  },
  "training": {
    "final_loss": 25.211643324848264,
    "total_steps": 0,
    "rewards": 0.0
  },
  "evaluation": {
    "final_loss": 25.211643324848264,
    "perplexity": 22026.465794806718
  }
}