{
  "variant": {
    "id": "single_gemma3_r128",
    "rank": 128,
    "learning_rate": 0.0002
  },
  "training": {
    "final_loss": 3.3581745459279047,
    "total_steps": 0,
    "rewards": 0.0
  },
  "evaluation": {
    "final_loss": 3.3581745459279047,
    "perplexity": 28.736685471205526
  }
}