{
  "generation": 1,
  "score": 0.5921333782062813,
  "timestamp": "2025-09-16T18:16:33.469623"
}