{
  "loss": -0.00018523260951042175,
  "policy_loss": -0.00018523260951042175,
  "kl_loss": 0,
  "eval_score": 0.4,
  "task_quality": 0.75,
  "train_time": 2781.5736408233643,
  "num_train_tasks": 8,
  "num_eval_tasks": 2
}