{
  "loss": 0.00040582529618404806,
  "policy_loss": 0.00040582529618404806,
  "kl_loss": 0,
  "eval_score": 0.4,
  "task_quality": 0.75,
  "train_time": 461.99467420578003,
  "num_train_tasks": 8,
  "num_eval_tasks": 2
}