{
  "loss": -0.0001225937157869339,
  "policy_loss": -0.0001225937157869339,
  "kl_loss": 0,
  "eval_score": 0.4,
  "task_quality": 0.75,
  "train_time": 458.3464984893799,
  "num_train_tasks": 8,
  "num_eval_tasks": 2
}